-- Member Table
INSERT INTO Member(memberId, email, memberStatus, nickname, phone, password, createdAt, lastModifiedAt) VALUES
(1, 'unique1@naver.com', 0, 'funnyCat', '01012340001', '{bcrypt}$2a$10$abcdefabcdefabcdefabcdefabcdefabcdef', '2024-03-14T19:52:58.9517531', '2024-03-14T19:55:58.9517531'),
(2, 'unique2@naver.com', 0, 'braveDog', '01012340002', '{bcrypt}$2a$10$abcdefabcdefabcdefabcdefabcdefabcdef', '2024-03-14T19:52:58.9517531', '2024-03-14T19:55:58.9517531'),
(3, 'unique3@naver.com', 0, 'lazyPanda', '01012340003', '{bcrypt}$2a$10$abcdefabcdefabcdefabcdefabcdefabcdef', '2024-03-14T20:00:00.0000000', '2024-03-14T20:05:00.0000000'),
(4, 'unique4@naver.com', 0, 'smartFox', '01012340004', '{bcrypt}$2a$10$abcdefabcdefabcdefabcdefabcdefabcdef', '2024-03-14T20:00:00.0000000', '2024-03-14T20:05:00.0000000'),
(5, 'unique5@naver.com', 0, 'happyTiger', '01012340005', '{bcrypt}$2a$10$abcdefabcdefabcdefabcdefabcdefabcdef', '2024-03-14T20:00:00.0000000', '2024-03-14T20:05:00.0000000'),
(6, 'unique6@naver.com', 0, 'coolEagle', '01012340006', '{bcrypt}$2a$10$abcdefabcdefabcdefabcdefabcdefabcdef', '2024-03-14T20:00:00.0000000', '2024-03-14T20:05:00.0000000'),
(7, 'unique7@naver.com', 0, 'wildHorse', '01012340007', '{bcrypt}$2a$10$abcdefabcdefabcdefabcdefabcdefabcdef', '2024-03-14T20:00:00.0000000', '2024-03-14T20:05:00.0000000'),
(8, 'unique8@naver.com', 0, 'littleAnt', '01012340008', '{bcrypt}$2a$10$abcdefabcdefabcdefabcdefabcdefabcdef', '2024-03-14T20:00:00.0000000', '2024-03-14T20:05:00.0000000'),
(9, 'unique9@naver.com', 0, 'bigElephant', '01012340009', '{bcrypt}$2a$10$abcdefabcdefabcdefabcdefabcdefabcdef', '2024-03-14T20:00:00.0000000', '2024-03-14T20:05:00.0000000'),
(10, 'unique10@naver.com', 0, 'fastCheetah', '01012340010', '{bcrypt}$2a$10$abcdefabcdefabcdefabcdefabcdefabcdef', '2024-03-14T20:00:00.0000000', '2024-03-14T20:05:00.0000000'),
(11, 'unique11@naver.com', 0, 'sleepyKoala', '01012340011', '{bcrypt}$2a$10$abcdefabcdefabcdefabcdefabcdefabcdef', '2024-03-14T20:00:00.0000000', '2024-03-14T20:05:00.0000000'),
(12, 'unique12@naver.com', 0, 'funnyMonkey', '01012340012', '{bcrypt}$2a$10$abcdefabcdefabcdefabcdefabcdefabcdef', '2024-03-14T20:00:00.0000000', '2024-03-14T20:05:00.0000000'),
(13, 'unique13@naver.com', 0, 'shyGiraffe', '01012340013', '{bcrypt}$2a$10$abcdefabcdefabcdefabcdefabcdefabcdef', '2024-03-14T20:00:00.0000000', '2024-03-14T20:05:00.0000000'),
(14, 'unique14@naver.com', 0, 'strongBear', '01012340014', '{bcrypt}$2a$10$abcdefabcdefabcdefabcdefabcdefabcdef', '2024-03-14T20:00:00.0000000', '2024-03-14T20:05:00.0000000'),
(15, 'unique15@naver.com', 0, 'gentleDeer', '01012340015', '{bcrypt}$2a$10$abcdefabcdefabcdefabcdefabcdefabcdef', '2024-03-14T20:00:00.0000000', '2024-03-14T20:05:00.0000000'),
(16, 'unique16@naver.com', 0, 'angryLion', '01012340016', '{bcrypt}$2a$10$abcdefabcdefabcdefabcdefabcdefabcdef', '2024-03-14T20:00:00.0000000', '2024-03-14T20:05:00.0000000'),
(17, 'unique17@naver.com', 0, 'braveLion', '01012340017', '{bcrypt}$2a$10$abcdefabcdefabcdefabcdefabcdefabcdef', '2024-03-14T20:00:00.0000000', '2024-03-14T20:05:00.0000000'),
(18, 'unique18@naver.com', 0, 'playfulDolphin', '01012340018', '{bcrypt}$2a$10$abcdefabcdefabcdefabcdefabcdefabcdef', '2024-03-14T20:00:00.0000000', '2024-03-14T20:05:00.0000000'),
(19, 'unique19@naver.com', 0, 'mysteriousWhale', '01012340019', '{bcrypt}$2a$10$abcdefabcdefabcdefabcdefabcdefabcdef', '2024-03-14T20:00:00.0000000', '2024-03-14T20:05:00.0000000'),
(20, 'unique20@naver.com', 0, 'quietShark', '01012340020', '{bcrypt}$2a$10$abcdefabcdefabcdefabcdefabcdefabcdef', '2024-03-14T20:00:00.0000000', '2024-03-14T20:05:00.0000000'),
(21, 'unique21@naver.com', 0, 'grumpyCat', '01012340021', '{bcrypt}$2a$10$abcdefabcdefabcdefabcdefabcdefabcdef', '2024-03-14T20:00:00.0000000', '2024-03-14T20:05:00.0000000'),
(22, 'unique22@naver.com', 0, 'happyPenguin', '01012340022', '{bcrypt}$2a$10$abcdefabcdefabcdefabcdefabcdefabcdef', '2024-03-14T20:00:00.0000000', '2024-03-14T20:05:00.0000000'),
(23, 'unique23@naver.com', 0, 'crazyKangaroo', '01012340023', '{bcrypt}$2a$10$abcdefabcdefabcdefabcdefabcdefabcdef', '2024-03-14T20:00:00.0000000', '2024-03-14T20:05:00.0000000'),
(24, 'unique24@naver.com', 0, 'elegantSwan', '01012340024', '{bcrypt}$2a$10$abcdefabcdefabcdefabcdefabcdefabcdef', '2024-03-14T20:00:00.0000000', '2024-03-14T20:05:00.0000000'),
(25, 'unique25@naver.com', 0, 'charmingPeacock', '01012340025', '{bcrypt}$2a$10$abcdefabcdefabcdefabcdefabcdefabcdef', '2024-03-14T20:00:00.0000000', '2024-03-14T20:05:00.0000000'),
(26, 'unique26@naver.com', 0, 'powerfulElephant', '01012340026', '{bcrypt}$2a$10$abcdefabcdefabcdefabcdefabcdefabcdef', '2024-03-14T20:00:00.0000000', '2024-03-14T20:05:00.0000000'),
(27, 'unique27@naver.com', 0, 'swiftFalcon', '01012340027', '{bcrypt}$2a$10$abcdefabcdefabcdefabcdefabcdefabcdef', '2024-03-14T20:00:00.0000000', '2024-03-14T20:05:00.0000000'),
(28, 'unique28@naver.com', 0, 'strongWolf', '01012340028', '{bcrypt}$2a$10$abcdefabcdefabcdefabcdefabcdefabcdef', '2024-03-14T20:00:00.0000000', '2024-03-14T20:05:00.0000000'),
(29, 'unique29@naver.com', 0, 'quickFox', '01012340029', '{bcrypt}$2a$10$abcdefabcdefabcdefabcdefabcdefabcdef', '2024-03-14T20:00:00.0000000', '2024-03-14T20:05:00.0000000'),
(30, 'unique30@naver.com', 0, 'calmTurtle', '01012340030', '{bcrypt}$2a$10$abcdefabcdefabcdefabcdefabcdefabcdef', '2024-03-14T20:00:00.0000000', '2024-03-14T20:05:00.0000000'),
(31, 'unique31@naver.com', 0, 'nimbleMouse', '01012340031', '{bcrypt}$2a$10$abcdefabcdefabcdefabcdefabcdefabcdef', '2024-03-14T20:00:00.0000000', '2024-03-14T20:05:00.0000000'),
(32, 'unique32@naver.com', 0, 'wiseOwl', '01012340032', '{bcrypt}$2a$10$abcdefabcdefabcdefabcdefabcdefabcdef', '2024-03-14T20:00:00.0000000', '2024-03-14T20:05:00.0000000'),
(33, 'unique33@naver.com', 0, 'gracefulButterfly', '01012340033', '{bcrypt}$2a$10$abcdefabcdefabcdefabcdefabcdefabcdef', '2024-03-14T20:00:00.0000000', '2024-03-14T20:05:00.0000000'),
(34, 'unique34@naver.com', 0, 'quietDeer', '01012340034', '{bcrypt}$2a$10$abcdefabcdefabcdefabcdefabcdefabcdef', '2024-03-14T20:00:00.0000000', '2024-03-14T20:05:00.0000000'),
(35, 'unique35@naver.com', 0, 'majesticEagle', '01012340035', '{bcrypt}$2a$10$abcdefabcdefabcdefabcdefabcdefabcdef', '2024-03-14T20:00:00.0000000', '2024-03-14T20:05:00.0000000'),
(36, 'unique36@naver.com', 0, 'playfulPuppy', '01012340036', '{bcrypt}$2a$10$abcdefabcdefabcdefabcdefabcdefabcdef', '2024-03-14T20:00:00.0000000', '2024-03-14T20:05:00.0000000'),
(37, 'unique37@naver.com', 0, 'braveParrot', '01012340037', '{bcrypt}$2a$10$abcdefabcdefabcdefabcdefabcdefabcdef', '2024-03-14T20:00:00.0000000', '2024-03-14T20:05:00.0000000'),
(38, 'unique38@naver.com', 0, 'gentleHamster', '01012340038', '{bcrypt}$2a$10$abcdefabcdefabcdefabcdefabcdefabcdef', '2024-03-14T20:00:00.0000000', '2024-03-14T20:05:00.0000000'),
(39, 'unique39@naver.com', 0, 'strongBull', '01012340039', '{bcrypt}$2a$10$abcdefabcdefabcdefabcdefabcdefabcdef', '2024-03-14T20:00:00.0000000', '2024-03-14T20:05:00.0000000'),
(40, 'unique40@naver.com', 0, 'curiousRabbit', '01012340040', '{bcrypt}$2a$10$abcdefabcdefabcdefabcdefabcdefabcdef', '2024-03-14T20:00:00.0000000', '2024-03-14T20:05:00.0000000'),
(41, 'unique41@naver.com', 0, 'fierceTiger', '01012340041', '{bcrypt}$2a$10$abcdefabcdefabcdefabcdefabcdefabcdef', '2024-03-14T20:00:00.0000000', '2024-03-14T20:05:00.0000000'),
(42, 'unique42@naver.com', 0, 'cunningFox', '01012340042', '{bcrypt}$2a$10$abcdefabcdefabcdefabcdefabcdefabcdef', '2024-03-14T20:00:00.0000000', '2024-03-14T20:05:00.0000000'),
(43, 'unique43@naver.com', 0, 'kindPanda', '01012340043', '{bcrypt}$2a$10$abcdefabcdefabcdefabcdefabcdefabcdef', '2024-03-14T20:00:00.0000000', '2024-03-14T20:05:00.0000000'),
(44, 'unique44@naver.com', 0, 'boldEagle', '01012340044', '{bcrypt}$2a$10$abcdefabcdefabcdefabcdefabcdefabcdef', '2024-03-14T20:00:00.0000000', '2024-03-14T20:05:00.0000000'),
(45, 'unique45@naver.com', 0, 'gentleSheep', '01012340045', '{bcrypt}$2a$10$abcdefabcdefabcdefabcdefabcdefabcdef', '2024-03-14T20:00:00.0000000', '2024-03-14T20:05:00.0000000'),
(46, 'unique46@naver.com', 0, 'mightyLion', '01012340046', '{bcrypt}$2a$10$abcdefabcdefabcdefabcdefabcdefabcdef', '2024-03-14T20:00:00.0000000', '2024-03-14T20:05:00.0000000'),
(47, 'unique47@naver.com', 0, 'curiousOwl', '01012340047', '{bcrypt}$2a$10$abcdefabcdefabcdefabcdefabcdefabcdef', '2024-03-14T20:00:00.0000000', '2024-03-14T20:05:00.0000000'),
(48, 'unique48@naver.com', 0, 'playfulDolphin', '01012340048', '{bcrypt}$2a$10$abcdefabcdefabcdefabcdefabcdefabcdef', '2024-03-14T20:00:00.0000000', '2024-03-14T20:05:00.0000000'),
(49, 'unique49@naver.com', 0, 'silentSnake', '01012340049', '{bcrypt}$2a$10$abcdefabcdefabcdefabcdefabcdefabcdef', '2024-03-14T20:00:00.0000000', '2024-03-14T20:05:00.0000000'),
(50, 'unique50@naver.com', 0, 'wiseElephant', '01012340050', '{bcrypt}$2a$10$abcdefabcdefabcdefabcdefabcdefabcdef', '2024-03-14T20:00:00.0000000', '2024-03-14T20:05:00.0000000'),
(51, 'meari@naver.com', 0, 'meari', '01011111111', '{bcrypt}$2a$10$9jJnmFjexL3nhKs20NtzDeLc.O1qZki5JLRSWHd8eNlIZebtGD4tC','2024-03-14T19:52:58.9517531', '2024-03-14T19:55:58.9517531'),
(52, 'meari2@naver.com', 0, 'meari2', '01022222222', '{bcrypt}$2a$10$9jJnmFjexL3nhKs20NtzDeLc.O1qZki5JLRSWHd8eNlIZebtGD4tC','2024-03-14T19:52:58.9517531', '2024-03-14T19:55:58.9517531');

-- Member Roles Table
INSERT INTO Member_roles(member_memberId, roles) VALUES
(1, 'USER'),
(2, 'USER'),
(3, 'USER'),
(4, 'USER'),
(5, 'USER'),
(6, 'USER'),
(7, 'USER'),
(8, 'USER'),
(9, 'USER'),
(10, 'USER'),
(11, 'USER'),
(12, 'USER'),
(13, 'USER'),
(14, 'USER'),
(15, 'USER'),
(16, 'USER'),
(17, 'USER'),
(18, 'USER'),
(19, 'USER'),
(20, 'USER'),
(21, 'USER'),
(22, 'USER'),
(23, 'USER'),
(24, 'USER'),
(25, 'USER'),
(26, 'USER'),
(27, 'USER'),
(28, 'USER'),
(29, 'USER'),
(30, 'USER'),
(31, 'USER'),
(32, 'USER'),
(33, 'USER'),
(34, 'USER'),
(35, 'USER'),
(36, 'USER'),
(37, 'USER'),
(38, 'USER'),
(39, 'USER'),
(40, 'USER'),
(41, 'USER'),
(42, 'USER'),
(43, 'USER'),
(44, 'USER'),
(45, 'USER'),
(46, 'USER'),
(47, 'USER'),
(48, 'USER'),
(49, 'USER'),
(50, 'USER'),
(51, 'USER'),
(52, 'USER');

-- Chat Table
INSERT INTO Chat(chatId, content, latitude, longitude, memberId, createdAt, lastModifiedAt) VALUES
(1, '여기 너무 좋다!', 37.566535, 126.977969, 1, '2024-03-14T19:52:58.9517531', '2024-03-14T19:55:58.9517531'),
(2, '서울의 밤은 언제나 아름답다.', 37.566535, 126.977969, 2, '2024-03-14T20:00:00.0000000', '2024-03-14T20:05:00.0000000'),
(3, '부산 해운대의 풍경은 정말 멋져!', 35.158698, 129.160384, 3, '2024-03-14T20:10:00.0000000', '2024-03-14T20:15:00.0000000'),
(4, '제주도에서의 여행이 너무 기대돼요!', 33.499621, 126.531188, 4, '2024-03-14T20:20:00.0000000', '2024-03-14T20:25:00.0000000'),
(5, '한강에서 자전거 타는 것이 최고입니다.', 37.551169, 126.988226, 5, '2024-03-14T20:30:00.0000000', '2024-03-14T20:35:00.0000000'),
(6, '경복궁의 역사적인 분위기가 너무 좋아요.', 37.579617, 126.977041, 6, '2024-03-14T20:40:00.0000000', '2024-03-14T20:45:00.0000000'),
(7, '여긴 너무 시끄럽다!', 37.566535, 126.977969, 7, '2024-03-14T20:50:00.0000000', '2024-03-14T20:55:00.0000000'),
(8, '이곳은 정말 한적하고 평화로워요.', 35.179554, 129.075641, 8, '2024-03-14T21:00:00.0000000', '2024-03-14T21:05:00.0000000'),
(9, '한라산 등반은 정말 힘들었지만 보람찼어요.', 33.499621, 126.531188, 9, '2024-03-14T21:10:00.0000000', '2024-03-14T21:15:00.0000000'),
(10, '서울에서의 밤샘 파티!', 37.566535, 126.977969, 10, '2024-03-14T21:20:00.0000000', '2024-03-14T21:25:00.0000000'),
(11, '대구의 밤이 이렇게 아름다울 줄이야!', 35.871435, 128.601445, 11, '2024-03-14T21:30:00.0000000', '2024-03-14T21:35:00.0000000'),
(12, '광안리 해변에서 보는 석양은 정말 멋져!', 35.153255, 129.118618, 12, '2024-03-14T21:40:00.0000000', '2024-03-14T21:45:00.0000000'),
(13, '서울의 여름은 덥다!', 37.566535, 126.977969, 13, '2024-03-14T21:50:00.0000000', '2024-03-14T21:55:00.0000000'),
(14, '부산의 밤은 항상 활기차다!', 35.158698, 129.160384, 14, '2024-03-14T22:00:00.0000000', '2024-03-14T22:05:00.0000000'),
(15, '여기 음식이 너무 맛있어요!', 37.566535, 126.977969, 15, '2024-03-14T22:10:00.0000000', '2024-03-14T22:15:00.0000000'),
(16, '제주도에서의 드라이브는 정말 멋져!', 33.499621, 126.531188, 16, '2024-03-14T22:20:00.0000000', '2024-03-14T22:25:00.0000000'),
(17, '한강에서의 산책이 너무 좋아요.', 37.551169, 126.988226, 17, '2024-03-14T22:30:00.0000000', '2024-03-14T22:35:00.0000000'),
(18, '경복궁의 야경은 정말 멋지다.', 37.579617, 126.977041, 18, '2024-03-14T22:40:00.0000000', '2024-03-14T22:45:00.0000000'),
(19, '여기 너무 춥다!', 37.566535, 126.977969, 19, '2024-03-14T22:50:00.0000000', '2024-03-14T22:55:00.0000000'),
(20, '이곳은 너무 더워!', 35.179554, 129.075641, 20, '2024-03-14T23:00:00.0000000', '2024-03-14T23:05:00.0000000'),
(21, '한라산 정상에서 보는 경치는 최고야.', 33.499621, 126.531188, 21, '2024-03-14T23:10:00.0000000', '2024-03-14T23:15:00.0000000'),
(22, '서울에서의 쇼핑은 정말 재밌어요!', 37.566535, 126.977969, 22, '2024-03-14T23:20:00.0000000', '2024-03-14T23:25:00.0000000'),
(23, '대구에서의 야경은 정말 멋져!', 35.871435, 128.601445, 23, '2024-03-14T23:30:00.0000000', '2024-03-14T23:35:00.0000000'),
(24, '광안리에서의 불꽃놀이가 최고였어!', 35.153255, 129.118618, 24, '2024-03-14T23:40:00.0000000', '2024-03-14T23:45:00.0000000'),
(25, '서울의 가을은 너무 예뻐요.', 37.566535, 126.977969, 25, '2024-03-14T23:50:00.0000000', '2024-03-14T23:55:00.0000000'),
(26, '부산의 여름은 덥고 습해!', 35.158698, 129.160384, 26, '2024-03-15T00:00:00.0000000', '2024-03-15T00:05:00.0000000'),
(27, '여기 정말 조용하고 평화로워요.', 37.566535, 126.977969, 27, '2024-03-15T00:10:00.0000000', '2024-03-15T00:15:00.0000000'),
(28, '제주도에서 먹는 음식은 정말 맛있어!', 33.499621, 126.531188, 28, '2024-03-15T00:20:00.0000000', '2024-03-15T00:25:00.0000000'),
(29, '한강에서 자전거 타는 것이 너무 즐거워요.', 37.551169, 126.988226, 29, '2024-03-15T00:30:00.0000000', '2024-03-15T00:35:00.0000000'),
(30, '경복궁의 야경을 보러 오세요.', 37.579617, 126.977041, 30, '2024-03-15T00:40:00.0000000', '2024-03-15T00:45:00.0000000'),
(31, '여기 사람 너무 많아!', 37.566535, 126.977969, 31, '2024-03-15T00:50:00.0000000', '2024-03-15T00:55:00.0000000'),
(32, '이곳은 너무 혼잡해요.', 35.179554, 129.075641, 32, '2024-03-15T01:00:00.0000000', '2024-03-15T01:05:00.0000000'),
(33, '한라산의 경치가 너무 아름다워요.', 33.499621, 126.531188, 33, '2024-03-15T01:10:00.0000000', '2024-03-15T01:15:00.0000000'),
(34, '서울에서의 문화체험이 너무 재밌어요.', 37.566535, 126.977969, 34, '2024-03-15T01:20:00.0000000', '2024-03-15T01:25:00.0000000'),
(35, '대구의 밤거리는 정말 활기차다!', 35.871435, 128.601445, 35, '2024-03-15T01:30:00.0000000', '2024-03-15T01:35:00.0000000'),
(36, '광안리에서의 서핑이 너무 재밌어요!', 35.153255, 129.118618, 36, '2024-03-15T01:40:00.0000000', '2024-03-15T01:45:00.0000000'),
(37, '서울의 겨울은 춥지만 아름다워요.', 37.566535, 126.977969, 37, '2024-03-15T01:50:00.0000000', '2024-03-15T01:55:00.0000000'),
(38, '부산의 밤은 정말 매력적이에요.', 35.158698, 129.160384, 38, '2024-03-15T02:00:00.0000000', '2024-03-15T02:05:00.0000000'),
(39, '여기 너무 더워!', 33.499621, 126.531188, 39, '2024-03-15T02:10:00.0000000', '2024-03-15T02:15:00.0000000'),
(40, '한강에서의 피크닉이 최고에요.', 37.551169, 126.988226, 40, '2024-03-15T02:20:00.0000000', '2024-03-15T02:25:00.0000000'),
(41, '경복궁의 역사적인 분위기가 너무 좋다.', 37.579617, 126.977041, 41, '2024-03-15T02:30:00.0000000', '2024-03-15T02:35:00.0000000'),
(42, '여기 사람 너무 많아요!', 37.566535, 126.977969, 42, '2024-03-15T02:40:00.0000000', '2024-03-15T02:45:00.0000000'),
(43, '이곳은 너무 시끄럽다.', 35.179554, 129.075641, 43, '2024-03-15T02:50:00.0000000', '2024-03-15T02:55:00.0000000'),
(44, '한라산 등반은 정말 힘들지만 보람차요.', 33.499621, 126.531188, 44, '2024-03-15T03:00:00.0000000', '2024-03-15T03:05:00.0000000'),
(45, '서울의 밤샘 파티는 최고에요!', 37.566535, 126.977969, 45, '2024-03-15T03:10:00.0000000', '2024-03-15T03:15:00.0000000'),
(46, '대구의 밤거리가 이렇게 활기찰 줄이야!', 35.871435, 128.601445, 46, '2024-03-15T03:20:00.0000000', '2024-03-15T03:25:00.0000000'),
(47, '광안리 해변에서 보는 석양이 정말 멋져요!', 35.153255, 129.118618, 47, '2024-03-15T03:30:00.0000000', '2024-03-15T03:35:00.0000000'),
(48, '서울의 여름은 덥지만 재미있어요!', 37.566535, 126.977969, 48, '2024-03-15T03:40:00.0000000', '2024-03-15T03:45:00.0000000'),
(49, '부산의 밤은 항상 활기차요!', 35.158698, 129.160384, 49, '2024-03-15T03:50:00.0000000', '2024-03-15T03:55:00.0000000'),
(50, '여기 음식이 너무 맛있다.', 37.566535, 126.977969, 50, '2024-03-15T04:00:00.0000000', '2024-03-15T04:05:00.0000000'),
(51, '와, 여기 뷰 진짜 장난 아니다!', 37.566535, 126.977969, 1, '2024-03-15T10:00:00.0000000', '2024-03-15T10:05:00.0000000'),
(52, '부산 해운대 정말 멋지다!', 35.158698, 129.160384, 2, '2024-03-16T12:10:00.0000000', '2024-03-16T12:15:00.0000000'),
(53, '오늘 한라산 등산했는데 너무 힘들어...', 33.499621, 126.531188, 3, '2024-03-17T14:20:00.0000000', '2024-03-17T14:25:00.0000000'),
(54, '서울의 야경은 정말 최고야!', 37.566535, 126.977969, 4, '2024-03-18T16:30:00.0000000', '2024-03-18T16:35:00.0000000'),
(55, '이 음식 진짜 맛있다!', 37.551169, 126.988226, 5, '2024-03-19T18:40:00.0000000', '2024-03-19T18:45:00.0000000'),
(56, '대구 날씨 왜 이렇게 더워?', 35.871435, 128.601445, 6, '2024-03-20T20:50:00.0000000', '2024-03-20T20:55:00.0000000'),
(57, '여기 사람들 너무 많아, 미치겠네.', 37.566535, 126.977969, 7, '2024-03-21T22:00:00.0000000', '2024-03-21T22:05:00.0000000'),
(58, '한강에서 자전거 타는 거 진짜 재밌다.', 37.551169, 126.988226, 8, '2024-03-22T08:10:00.0000000', '2024-03-22T08:15:00.0000000'),
(59, '여기 왜 이렇게 춥냐...', 37.566535, 126.977969, 9, '2024-03-23T09:20:00.0000000', '2024-03-23T09:25:00.0000000'),
(60, '와, 부산에서 봄바람 느끼는 거 최고!', 35.158698, 129.160384, 10, '2024-03-24T11:30:00.0000000', '2024-03-24T11:35:00.0000000'),
(61, '제주도 정말 아름답다!', 33.499621, 126.531188, 11, '2024-03-25T12:40:00.0000000', '2024-03-25T12:45:00.0000000'),
(62, '서울의 벚꽃이 이렇게 예쁠 줄이야!', 37.566535, 126.977969, 12, '2024-03-26T14:50:00.0000000', '2024-03-26T14:55:00.0000000'),
(63, '한강에서의 피크닉은 항상 즐거워.', 37.551169, 126.988226, 13, '2024-03-27T16:00:00.0000000', '2024-03-27T16:05:00.0000000'),
(64, '광안리 해변에서의 밤은 정말 멋져!', 35.153255, 129.118618, 14, '2024-03-28T18:10:00.0000000', '2024-03-28T18:15:00.0000000'),
(65, '대구에서의 하루가 이렇게 길 줄이야.', 35.871435, 128.601445, 15, '2024-03-29T20:20:00.0000000', '2024-03-29T20:25:00.0000000'),
(66, '와, 여기 진짜 너무 더워!', 37.566535, 126.977969, 16, '2024-03-30T22:30:00.0000000', '2024-03-30T22:35:00.0000000'),
(67, '오늘 완전 재미있었어!', 37.551169, 126.988226, 17, '2024-03-31T08:40:00.0000000', '2024-03-31T08:45:00.0000000'),
(68, '부산에서 맛본 해산물 최고!', 35.158698, 129.160384, 18, '2024-04-01T09:50:00.0000000', '2024-04-01T09:55:00.0000000'),
(69, '제주도에서의 하루가 정말 평화로워.', 33.499621, 126.531188, 19, '2024-04-02T11:00:00.0000000', '2024-04-02T11:05:00.0000000'),
(70, '서울에서의 봄날이 너무 좋아!', 37.566535, 126.977969, 20, '2024-04-03T12:10:00.0000000', '2024-04-03T12:15:00.0000000'),
(71, '한강에서 친구들이랑 놀았어. 완전 신나!', 37.551169, 126.988226, 21, '2024-04-04T14:20:00.0000000', '2024-04-04T14:25:00.0000000'),
(72, '대구에서의 밤은 정말 길다.', 35.871435, 128.601445, 22, '2024-04-05T16:30:00.0000000', '2024-04-05T16:35:00.0000000'),
(73, '와, 여기 진짜 너무 춥다...', 37.566535, 126.977969, 23, '2024-04-06T18:40:00.0000000', '2024-04-06T18:45:00.0000000'),
(74, '서울의 봄비가 너무 아름다워.', 37.566535, 126.977969, 24, '2024-04-07T20:50:00.0000000', '2024-04-07T20:55:00.0000000'),
(75, '부산의 여름밤은 정말 시원해!', 35.158698, 129.160384, 25, '2024-04-08T22:00:00.0000000', '2024-04-08T22:05:00.0000000'),
(76, '제주도에서의 해변 산책 너무 좋아!', 33.499621, 126.531188, 26, '2024-04-09T08:10:00.0000000', '2024-04-09T08:15:00.0000000'),
(77, '서울에서의 일상은 바쁘지만 재미있어.', 37.566535, 126.977969, 27, '2024-04-10T09:20:00.0000000', '2024-04-10T09:25:00.0000000'),
(78, '대구에서의 휴식이 필요해...', 35.871435, 128.601445, 28, '2024-04-11T11:30:00.0000000', '2024-04-11T11:35:00.0000000'),
(79, '와, 여기 날씨 진짜 너무 좋다!', 37.566535, 126.977969, 29, '2024-04-12T12:40:00.0000000', '2024-04-12T12:45:00.0000000'),
(80, '반여동은 참 넓고 사람이 많아...',35.2026624, 129.1190272, 51, '2024-06-15T19:52:58.9517531', '2024-06-14T19:55:58.9517531'),
(81, '치킨 먹고 싶다.',35.2026624, 129.1190272, 51, '2024-06-15T19:52:58.9517531', '2024-06-14T19:55:58.9517531'),
(82, '시험 잘 쳐서 행복해',35.2026624, 129.1190272, 51, '2024-06-14T19:52:58.9517531', '2024-06-14T19:55:58.9517531'),
(83, '소리쳐 갓갓',35.2026624, 129.1190272, 51, '2024-06-14T19:52:58.9517531', '2024-06-14T19:55:58.9517531'),
(84, '저기요 105동님 조용히 좀',35.2026624, 129.1190272, 51, '2024-06-14T19:52:58.9517531', '2024-06-14T19:55:58.9517531'),
(85, '다들 굳밤 되세요',35.2026624, 129.1190272, 51, '2024-06-14T19:52:58.9517531', '2024-06-14T19:55:58.9517531'),
(86, '난 몇 살이게',35.2026624, 129.1190272, 51, '2024-06-14T19:52:58.9517531', '2024-06-14T19:55:58.9517531');

